{
  "quiz": [
    {
      "question": "What is the capital of France?",
      "options": ["Paris", "London", "Berlin", "Rome"],
      "answer": "Paris"
    },
    {
      "question": "Which planet is known as the Red Planet?",
      "options": ["Earth", "Mars", "Jupiter", "Saturn"],
      "answer": "Mars"
    },
    {
      "question": "Who wrote the play 'Romeo and Juliet'?",
      "options": ["William Shakespeare", "Mark Twain", "Charles Dickens", "Jane Austen"],
      "answer": "William Shakespeare"
    },
    {
      "question": "What is the chemical symbol for water?",
      "options": ["H2O", "O2", "CO2", "NaCl"],
      "answer": "H2O"
    },
    {
      "question": "Which language is primarily spoken in Brazil?",
      "options": ["Spanish", "Portuguese", "English", "French"],
      "answer": "Portuguese"
    },
    {
      "question": "How many continents are there in the world?",
      "options": ["5", "6", "7", "8"],
      "answer": "7"
    },
    {
      "question": "What is the largest mammal in the world?",
      "options": ["Elephant", "Blue Whale", "Giraffe", "Hippopotamus"],
      "answer": "Blue Whale"
    },
    {
      "question": "Which year did World War II end?",
      "options": ["1942", "1945", "1950", "1939"],
      "answer": "1945"
    },
    {
      "question": "What is the square root of 64?",
      "options": ["6", "7", "8", "9"],
      "answer": "8"
    },
    {
      "question": "Which gas do plants absorb from the atmosphere?",
      "options": ["Oxygen", "Nitrogen", "Carbon Dioxide", "Hydrogen"],
      "answer": "Carbon Dioxide"
    }
  ]
}

